Time,PID, CPU Usage (%), CPU Temperature (ºC),CPU Frequency (MHz)
1701877834, 0,18.7285, -1, -1
1701877836, 0,27.1157, -1, -1
1701877839, 0,23.0099, -1, -1
1701877841, 0,6.32689, -1, -1
1701877843, 0,7.46181, -1, -1
1701877845, 0,12.1839, -1, -1
1701877847, 0,15.407, -1, -1
1701877849, 0,10.1458, -1, -1
1701877851, 0,25.8121, -1, -1
1701877854, 0,15.1479, -1, -1
1701877856, 0,8.28539, -1, -1
1701877858, 0,8.13817, -1, -1
1701877860, 0,4.42021, -1, -1
1701877862, 0,4.41514, -1, -1
